-- phpMyAdmin SQL Dump
-- version 4.0.10deb1
-- http://www.phpmyadmin.net
--
-- Host: 127.0.0.1
-- Generation Time: Jan 06, 2019 at 12:36 PM
-- Server version: 5.5.54-0ubuntu0.14.04.1
-- PHP Version: 5.5.9-1ubuntu4.21

SET SQL_MODE = "NO_AUTO_VALUE_ON_ZERO";
SET time_zone = "+00:00";


/*!40101 SET @OLD_CHARACTER_SET_CLIENT=@@CHARACTER_SET_CLIENT */;
/*!40101 SET @OLD_CHARACTER_SET_RESULTS=@@CHARACTER_SET_RESULTS */;
/*!40101 SET @OLD_COLLATION_CONNECTION=@@COLLATION_CONNECTION */;
/*!40101 SET NAMES utf8 */;

--
-- Database: `c9`
--

-- --------------------------------------------------------

--
-- Table structure for table `questions`
--

CREATE TABLE IF NOT EXISTS `questions` (
  `questions_id` int(11) NOT NULL AUTO_INCREMENT,
  `question_title` varchar(200) DEFAULT NULL,
  `question_descr` varchar(1000) DEFAULT NULL,
  `question_answer` varchar(200) DEFAULT NULL,
  `question_points` int(11) NOT NULL DEFAULT '1',
  PRIMARY KEY (`questions_id`)
) ENGINE=InnoDB  DEFAULT CHARSET=utf8 AUTO_INCREMENT=18 ;

--
-- Dumping data for table `questions`
--

INSERT INTO `questions` (`questions_id`, `question_title`, `question_descr`, `question_answer`, `question_points`) VALUES
(1, 'Caesar cipher 1', 'Dro Mkockb mszrob sc yxo yp dro okbvsocd uxygx kxn cswzvocd mszrobc. Sd sc k dizo yp celcdsdedsyx mszrob sx grsmr okmr voddob sx dro zvksxdohd sc ''crspdon'' k mobdksx xewlob yp zvkmoc nygx dro kvzrklod. Pyb ohkwzvo, gsdr k crspd yp 1, K gyevn lo bozvkmon li L, L gyevn lomywo M, kxn cy yx.Dro myno sc dro fkveo drsc rkc loox crspdon, gbsddox kc k gybn oq “pyeb” xyd 4', 'sixteen', 1),
(2, 'Caesar cipher 2', 'Hfjxfw xmnkyx fwj wjqfynajqd jfxd yt ijhwduy. Dtz tsqd sjji yt ywd fqq ymj xmnkyx fwtzsi ymj fqumfgjy’x qjyyjwx zsynq dtz knsi ymj tsj ymfy btwpx. Ymj htij nx mtb rfsd qjyyjwx ymjwj fwj ns ymj Jslqnxm fqumfgjy bwnyyjs fx f szrgjw', '26', 1),
(3, 'Mirror mirror', '”rorrim“ si dnuor siht rof edoc ehT .eno siht ekiL .esrever ni si gnitirw eht erehw si kcarc ot sedoc tseisae eht fo enO', 'mirror', 1),
(4, 'Steganography', '<div style="font-size:1.5pt">\r\nSteganography is the hiding of information in plain sight<br> so that it is not noticed by most people. In ancient Greece,<br> messages were tattooed in slaves scalps and their hair <br>allowed to grow back before they were sent over the enemy<br> lines. In spy films secrets were often passed by <br>storing them on a “microdot” - which is the code for this round\r\n</div>\r\n<img src="http://bcs-computing.co.uk/cat.jpg" width=250>', 'microdot', 1),
(5, 'Pigpen', '<img src="images/pigPenCrib.gif" width=180 /><img src="images/pigpen.jpg" width=600>', 'bacon', 1),
(6, 'Find the comment', '<p>Sometimes you can find interesting things inside the HTML of a webpage. You can view the HTML in many ways - either by viewing the source (CTRL-U) or pressing the F12 button on your keyboard.<br>Take a look and see what useful things you can find there.\n\n\n<!-- code is HacK1234 -->\n\n\n', 'HacK1234', 1),
(7, 'The Polybius Squre', '443251 5343134521425434 341454112451 251134 54345141 2145 532442344333512434 4233 15425144331123 4443 34513341 2351343411225134 4443 51113132 4344325124 2145 5233433152423322 4333 443251 25111313. 443251 31434151 4234 5324423443335124\n<br>\n\n<img src="images/polybius.jpg"/>', 'prisoner', 1),
(8, 'Transposition Cipher', '<img src="/images/transposition_grid.jpg"/>\n<br>\nUse a grid of 7 x 7 to decode the following:<br>\ntohtiearsetvcuaiseeosnnersdasglstegpteghse', 'sausage', 1),
(9, 'Hidden behind', '<div class="hideHolder">\n<div class="hiddencode">sneakyONE</div>\n<img src="images/hidden.jpg" class="imgHide">\n</div>\n', 'sneakyONE', 1),
(10, 'Pig pen 2', 'Can you solve the PigPen cipher below?\n<br>\n<img src="images/pigPenCrib.gif" width=180 />\n<img src="images/Code.png" />', 'plaintext', 1),
(11, 'The second caesar', 'Guvf vf gur frpbaq dhrfgvba. Guvf gvzr lbhe cnffjbeq vf: rapelcg.\r\n', 'encrypt', 1),
(12, 'Caesar Three', 'Nby jummqilx zil koymncih nblyy cm mywolcns.  Mywolcns cm lyuffs cgjilnuhn zil eyyjcha xunu muzy. \r\n', 'security', 1),
(13, 'Polybius Again', '4423244324434145154344243433213445425215313114343315213442523<br>442252433223445444423244352114311353431541224454313243523<br>15425434454235114343523442142443251554\n', 'key', 1),
(14, 'Substitute This!', 'dude rypheq ht lorfe sduufg rbf odrbfp lo xlgfpe slxwyrheq. bf ndt d jphuuhder xdrbfxdrhshde deg ulqhshde. bf gfifulwfg rbf hgfd lo rbf xlgfpe slxwyrfp deg dprhohshdu herfuuhqfesf. gypheq rbf tfsleg nlpug ndp bf nlpmfg olp rbf qlifpexfer jpfdmheq rbf fefxhft slgft deg sbypsbhuu tdhg bf tblprfefg rbf ndp jv rnl vfdpt. rbf slgf ht fehqxd', 'enigma', 2),
(15, 'Babbington Bother', 'The following note has been coded using the cipher actually used by\nMary Queen of Scots.\nCan you crack it?\nCarry out an analysis of the frequency of each character\nDe-code the message - the whole message is the code.<br>\n<img src="/images/babbington.PNG" width="700"/>\n<img src="/images/babbingtongrid.PNG" width=200/>', 'To Anthony Babbington, I agree that you can murder Queen Elizabeth at the earliest time. From Mary.', 5),
(16, 'Who sang this?', 'Another substitution cipher - the code this time is the name of the band who wrote the song<br><br>\nzomjhlz, j''y hommk lkbu ystuic k duki hoog zjyu\nj cuui kijbu kmg zlu nodig j''ii zxdm jz jmtjgu oxz, sukl\nkmg ciokzjmh kdoxmg jm uatzkts\nto gom''z tzow yu mon gom''z tzow yu\n''akxtu j''y lkbjmh k hoog zjyu, lkbjmh k hoog zjyu\nj''y k tloozjmh tzkd, iukwjmh zldoxhl zlu tvs\nijvu k zjhud gucsjmh zlu iknt oc hdkbjzs\nj''y k dkajmh akd, wkttjmh es ijvu ikgs hogjbk\nj''y hommk ho, ho, ho\nzludu''t mo tzowwjmh yu\nj''y exdmjm'' zldoxhl zlu tvs, sukl\nzno lxmgdug guhduut\nzlkz''t nls zlus akii yu yjtzud ckldumlujz\nj''y zdkbuijmh kz zlu twuug oc ijhlz\nj nkmmk ykvu k txwudtomja ykm oxz oc sox\ngom''z tzow yu mon, j''y lkbjmh txal k hoog zjyu\nj''y lkbjmh k ekii\ngom''z tzow yu mon\njc sox nkmmk lkbu k hoog zjyu, pxtz hjbu yu k akii\ngom''z tzow yu mon (''akxtu j''y lkbjmh k hoog zjyu)\ngom''z tzow yu mon (sut, j''y lkbjm'' k hoog zjyu)\nj gom''z nkmz zo tzow kz kii', 'Queen', 2),
(17, 'Research Alan Turing''s processes (use Google)', 'What was the name of the cryptanalytic process developed by Alan Turing at Bletchley Park in Britain during the Second World War. \r\n<br>\r\nIt was used by Bletchley Park''s Hut 8 to help break German naval messages enciphered on Enigma machines. The process used sequential conditional probability to infer information about the likely settings of the Enigma machine. \r\n\r\n\r\n', 'Banburismus', 1);

-- --------------------------------------------------------

--
-- Table structure for table `scores`
--

CREATE TABLE IF NOT EXISTS `scores` (
  `scores_id` int(11) NOT NULL AUTO_INCREMENT,
  `scores_team` int(11) NOT NULL,
  `scores_questionid` int(11) NOT NULL,
  `scores_answer` varchar(200) NOT NULL,
  `scores_isCorrect` varchar(10) NOT NULL,
  `scores_datetime` timestamp NOT NULL DEFAULT CURRENT_TIMESTAMP,
  PRIMARY KEY (`scores_id`)
) ENGINE=InnoDB  DEFAULT CHARSET=utf8 AUTO_INCREMENT=2631 ;

--
-- Dumping data for table `scores`
--

INSERT INTO `scores` (`scores_id`, `scores_team`, `scores_questionid`, `scores_answer`, `scores_isCorrect`, `scores_datetime`) VALUES
(2206, 10, 1, 'beyp', 'N', '2018-12-21 10:07:30'),
(2207, 5, 3, 'mirror', 'Y', '2018-12-21 10:07:47'),
(2208, 5, 4, 'Steganography is the hiding of information in plain sight so that it is not noticed by most people. In ancient Gre', 'N', '2018-12-21 10:08:07'),
(2209, 9, 3, 'mirror', 'Y', '2018-12-21 10:08:24'),
(2210, 5, 4, 'microdot', 'Y', '2018-12-21 10:08:31'),
(2211, 9, 3, '', 'N', '2018-12-21 10:08:33'),
(2212, 9, 3, 'mirror', 'Y', '2018-12-21 10:08:39'),
(2213, 5, 1, 'four', 'N', '2018-12-21 10:08:40'),
(2214, 9, 2, 'Caesar shifts are relatively easy to decrypt. You only need to try all the shifts around the alphabet’s letters until you find the one that works. The code is how many letters there are in the English', 'N', '2018-12-21 10:08:45'),
(2215, 8, 1, 'four', 'N', '2018-12-21 10:08:50'),
(2216, 9, 2, '26', 'Y', '2018-12-21 10:08:54'),
(2217, 8, 1, '10', 'N', '2018-12-21 10:08:56'),
(2218, 9, 2, '26', 'Y', '2018-12-21 10:09:03'),
(2219, 9, 3, 'mirror', 'Y', '2018-12-21 10:09:11'),
(2220, 8, 1, 'shifted', 'N', '2018-12-21 10:09:15'),
(2221, 10, 3, 'mirror', 'Y', '2018-12-21 10:09:35'),
(2222, 10, 3, '', 'N', '2018-12-21 10:09:41'),
(2223, 10, 3, 'mirror', 'Y', '2018-12-21 10:09:48'),
(2224, 5, 6, 'HacK1234', 'Y', '2018-12-21 10:09:51'),
(2225, 8, 1, '10', 'N', '2018-12-21 10:09:52'),
(2226, 10, 1, 'fict', 'N', '2018-12-21 10:09:53'),
(2227, 8, 1, 'ten', 'N', '2018-12-21 10:09:55'),
(2228, 9, 4, 'microdot', 'Y', '2018-12-21 10:09:55'),
(2229, 9, 1, 'ten', 'N', '2018-12-21 10:09:56'),
(2230, 8, 1, 'shift 10', 'N', '2018-12-21 10:10:00'),
(2231, 8, 1, 'ten', 'N', '2018-12-21 10:10:01'),
(2232, 8, 1, '', 'N', '2018-12-21 10:10:02'),
(2233, 8, 1, '', 'N', '2018-12-21 10:10:03'),
(2234, 8, 1, '', 'N', '2018-12-21 10:10:03'),
(2235, 8, 1, '', 'N', '2018-12-21 10:10:03'),
(2236, 8, 1, '', 'N', '2018-12-21 10:10:06'),
(2237, 8, 1, 'ten', 'N', '2018-12-21 10:10:09'),
(2238, 9, 1, 'ten', 'N', '2018-12-21 10:10:12'),
(2239, 7, 1, 'four', 'N', '2018-12-21 10:10:25'),
(2240, 9, 1, '10', 'N', '2018-12-21 10:10:35'),
(2241, 11, 3, 'mirror', 'Y', '2018-12-21 10:10:44'),
(2242, 10, 6, 'HacK1234', 'Y', '2018-12-21 10:10:47'),
(2243, 10, 6, '', 'N', '2018-12-21 10:10:52'),
(2244, 8, 1, 'ten', 'N', '2018-12-21 10:10:52'),
(2245, 7, 1, 'shift four', 'N', '2018-12-21 10:10:58'),
(2246, 11, 3, 'mirror', 'Y', '2018-12-21 10:10:59'),
(2247, 9, 1, 'plus ten', 'N', '2018-12-21 10:11:05'),
(2248, 9, 1, 'plusten#', 'N', '2018-12-21 10:11:12'),
(2249, 8, 1, 'sixteen', 'Y', '2018-12-21 10:11:20'),
(2250, 7, 1, 'not four', 'N', '2018-12-21 10:11:21'),
(2251, 8, 1, '16', 'N', '2018-12-21 10:11:28'),
(2252, 7, 1, '16', 'N', '2018-12-21 10:11:29'),
(2253, 10, 9, 'sneakyONE', 'Y', '2018-12-21 10:11:31'),
(2254, 7, 1, 'vekh', 'N', '2018-12-21 10:11:35'),
(2255, 7, 1, 'shifted 16', 'N', '2018-12-21 10:11:37'),
(2256, 11, 4, 'microdot', 'Y', '2018-12-21 10:11:39'),
(2257, 8, 1, 'sixteen', 'Y', '2018-12-21 10:11:45'),
(2258, 9, 1, 'sixteen', 'Y', '2018-12-21 10:11:46'),
(2259, 8, 1, 'sixteen', 'Y', '2018-12-21 10:11:51'),
(2260, 6, 1, 'four', 'N', '2018-12-21 10:11:51'),
(2261, 6, 1, '4', 'N', '2018-12-21 10:11:55'),
(2262, 11, 16, 'migos', 'N', '2018-12-21 10:11:55'),
(2263, 8, 2, '26', 'Y', '2018-12-21 10:12:01'),
(2264, 7, 1, 'fingerprint', 'N', '2018-12-21 10:12:02'),
(2265, 11, 16, 'adele', 'N', '2018-12-21 10:12:04'),
(2266, 9, 1, 'plus ten', 'N', '2018-12-21 10:12:05'),
(2267, 8, 2, '26', 'Y', '2018-12-21 10:12:09'),
(2268, 11, 16, 'ed sheeran', 'N', '2018-12-21 10:12:11'),
(2269, 8, 2, '', 'N', '2018-12-21 10:12:11'),
(2270, 8, 2, 'twenty six', 'N', '2018-12-21 10:12:12'),
(2271, 8, 2, '26', 'Y', '2018-12-21 10:12:15'),
(2272, 8, 2, '26', 'Y', '2018-12-21 10:12:15'),
(2273, 6, 1, 'ten', 'N', '2018-12-21 10:12:16'),
(2274, 10, 4, 'microdot', 'Y', '2018-12-21 10:12:17'),
(2275, 6, 2, 'caesar shifts are relatively easy to decrypt. you only need to try all the shifts around the alphabet’s letters until you find the one that works. the code is how many letters there are in the english', 'N', '2018-12-21 10:12:17'),
(2276, 10, 4, '', 'N', '2018-12-21 10:12:18'),
(2277, 5, 7, 'prisoner', 'Y', '2018-12-21 10:12:22'),
(2278, 8, 3, 'mirror', 'Y', '2018-12-21 10:12:28'),
(2279, 6, 1, '10', 'N', '2018-12-21 10:12:32'),
(2280, 11, 9, 'sneakyONE', 'Y', '2018-12-21 10:12:33'),
(2281, 8, 3, 'mirror', 'Y', '2018-12-21 10:12:34'),
(2282, 6, 1, '-10', 'N', '2018-12-21 10:12:34'),
(2283, 5, 7, '', 'N', '2018-12-21 10:12:39'),
(2284, 6, 1, 'minus ten', 'N', '2018-12-21 10:12:40'),
(2285, 8, 2, '26', 'Y', '2018-12-21 10:12:43'),
(2286, 6, 1, 'ten', 'N', '2018-12-21 10:12:44'),
(2287, 5, 7, 'prisoner', 'Y', '2018-12-21 10:12:46'),
(2288, 8, 2, '26', 'Y', '2018-12-21 10:12:55'),
(2289, 7, 1, 'ROT16', 'N', '2018-12-21 10:12:57'),
(2290, 8, 4, 'microdot', 'Y', '2018-12-21 10:12:58'),
(2291, 7, 1, 'ROT 16', 'N', '2018-12-21 10:13:04'),
(2292, 6, 1, 'one', 'N', '2018-12-21 10:13:05'),
(2293, 6, 1, 'two', 'N', '2018-12-21 10:13:08'),
(2294, 6, 1, 'five', 'N', '2018-12-21 10:13:14'),
(2295, 5, 5, 'bacon', 'Y', '2018-12-21 10:13:14'),
(2296, 6, 1, 'six', 'N', '2018-12-21 10:13:16'),
(2297, 8, 3, 'mirror', 'Y', '2018-12-21 10:13:18'),
(2298, 6, 1, 'seven', 'N', '2018-12-21 10:13:19'),
(2299, 6, 1, 'eight', 'N', '2018-12-21 10:13:23'),
(2300, 10, 17, 'the bombe', 'N', '2018-12-21 10:13:25'),
(2301, 6, 1, 'nine', 'N', '2018-12-21 10:13:26'),
(2302, 6, 1, 'ten', 'N', '2018-12-21 10:13:29'),
(2303, 11, 16, 'queen', 'N', '2018-12-21 10:13:30'),
(2304, 6, 1, 'eleven', 'N', '2018-12-21 10:13:32'),
(2305, 6, 1, 'twelve', 'N', '2018-12-21 10:13:37'),
(2306, 6, 1, 'Ten', 'N', '2018-12-21 10:13:41'),
(2307, 5, 16, 'Queen', 'Y', '2018-12-21 10:13:44'),
(2308, 7, 1, 'FOUR', 'N', '2018-12-21 10:13:46'),
(2309, 11, 16, 'u2', 'N', '2018-12-21 10:13:49'),
(2310, 7, 1, 'four', 'N', '2018-12-21 10:13:50'),
(2311, 6, 2, 'Caesar shifts are relatively easy to decrypt. you only need to try all the shifts around the alphabet’s letters until you find the one that works. the code is how many letters there are in the english', 'N', '2018-12-21 10:13:51'),
(2312, 9, 6, 'HacK1234', 'Y', '2018-12-21 10:13:52'),
(2313, 6, 1, 'ten', 'N', '2018-12-21 10:14:03'),
(2314, 11, 16, 'Duran Duran', 'N', '2018-12-21 10:14:10'),
(2315, 6, 1, 'Ten', 'N', '2018-12-21 10:14:10'),
(2316, 8, 4, 'microdot', 'Y', '2018-12-21 10:14:11'),
(2317, 6, 1, '', 'N', '2018-12-21 10:14:14'),
(2318, 6, 1, '', 'N', '2018-12-21 10:14:14'),
(2319, 6, 1, '', 'N', '2018-12-21 10:14:14'),
(2320, 9, 5, 'bac on', 'N', '2018-12-21 10:14:21'),
(2321, 11, 16, 'Queen', 'Y', '2018-12-21 10:14:28'),
(2322, 5, 3, 'security', 'N', '2018-12-21 10:14:30'),
(2323, 5, 9, 'sneakyone', 'N', '2018-12-21 10:14:33'),
(2324, 10, 17, 'The Bombe', 'N', '2018-12-21 10:14:35'),
(2325, 5, 12, 'security', 'Y', '2018-12-21 10:14:40'),
(2326, 7, 1, 'david bowie', 'N', '2018-12-21 10:14:45'),
(2327, 11, 16, 'Duran Duran', 'N', '2018-12-21 10:14:46'),
(2328, 10, 16, 'David Bowie', 'N', '2018-12-21 10:14:52'),
(2329, 8, 4, 'microdot', 'Y', '2018-12-21 10:14:54'),
(2330, 5, 9, 'hidden', 'N', '2018-12-21 10:14:55'),
(2331, 7, 1, 'ROT16', 'N', '2018-12-21 10:14:55'),
(2332, 6, 2, '5', 'N', '2018-12-21 10:14:59'),
(2333, 10, 16, 'Queen', 'Y', '2018-12-21 10:15:01'),
(2334, 11, 16, 'Queen', 'Y', '2018-12-21 10:15:02'),
(2335, 5, 9, 'hidden', 'N', '2018-12-21 10:15:03'),
(2336, 9, 5, 'bacon', 'Y', '2018-12-21 10:15:06'),
(2337, 6, 1, 'epic', 'N', '2018-12-21 10:15:06'),
(2338, 6, 2, 'shift 5', 'N', '2018-12-21 10:15:08'),
(2339, 6, 1, 'ten', 'N', '2018-12-21 10:15:08'),
(2340, 6, 1, 'Ten', 'N', '2018-12-21 10:15:11'),
(2341, 6, 1, '"ten"', 'N', '2018-12-21 10:15:16'),
(2342, 10, 17, 'Bombe', 'N', '2018-12-21 10:15:18'),
(2343, 7, 1, 'sixteen', 'Y', '2018-12-21 10:15:31'),
(2344, 7, 1, 'sixteen', 'Y', '2018-12-21 10:15:34'),
(2345, 7, 1, '16', 'N', '2018-12-21 10:15:37'),
(2346, 7, 1, '', 'N', '2018-12-21 10:15:39'),
(2347, 7, 1, '', 'N', '2018-12-21 10:15:40'),
(2348, 7, 1, 'sixteen', 'Y', '2018-12-21 10:15:42'),
(2349, 7, 1, 'sixteen', 'Y', '2018-12-21 10:15:45'),
(2350, 9, 9, 'sneakyONE', 'Y', '2018-12-21 10:15:45'),
(2351, 7, 1, '', 'N', '2018-12-21 10:15:49'),
(2352, 11, 17, 'Banburismus', 'Y', '2018-12-21 10:15:51'),
(2353, 7, 1, 'sixteen', 'Y', '2018-12-21 10:15:58'),
(2354, 7, 1, 'sixteen', 'Y', '2018-12-21 10:16:03'),
(2355, 5, 8, 'sausage', 'Y', '2018-12-21 10:16:04'),
(2356, 6, 2, '24', 'N', '2018-12-21 10:16:08'),
(2357, 6, 2, '25', 'N', '2018-12-21 10:16:10'),
(2358, 6, 2, '26', 'Y', '2018-12-21 10:16:12'),
(2359, 6, 1, '4', 'N', '2018-12-21 10:16:22'),
(2360, 5, 9, 'sneakyONE', 'Y', '2018-12-21 10:16:32'),
(2361, 7, 2, 'twentyone', 'N', '2018-12-21 10:16:42'),
(2362, 6, 1, '16', 'N', '2018-12-21 10:16:42'),
(2363, 5, 9, 'sneakyONE', 'Y', '2018-12-21 10:16:43'),
(2364, 7, 2, 'twenty one', 'N', '2018-12-21 10:16:48'),
(2365, 7, 2, 'twenty six', 'N', '2018-12-21 10:16:52'),
(2366, 7, 2, 'twentysix', 'N', '2018-12-21 10:16:53'),
(2367, 7, 2, 'tw', 'N', '2018-12-21 10:16:55'),
(2368, 7, 2, 'twentyfive', 'N', '2018-12-21 10:16:58'),
(2369, 7, 2, 'twentysix', 'N', '2018-12-21 10:17:00'),
(2370, 7, 2, 'thirty six', 'N', '2018-12-21 10:17:01'),
(2371, 5, 11, 'encrypt', 'Y', '2018-12-21 10:17:03'),
(2372, 7, 2, 'twentyfour', 'N', '2018-12-21 10:17:06'),
(2373, 7, 2, '26', 'Y', '2018-12-21 10:17:11'),
(2374, 7, 2, 'twenty six', 'N', '2018-12-21 10:17:15'),
(2375, 7, 2, '26', 'Y', '2018-12-21 10:17:18'),
(2376, 7, 2, '26', 'Y', '2018-12-21 10:17:24'),
(2377, 6, 1, 'sixteen', 'Y', '2018-12-21 10:17:26'),
(2378, 10, 14, 'ROT 13', 'N', '2018-12-21 10:17:33'),
(2379, 10, 14, '', 'N', '2018-12-21 10:17:35'),
(2380, 6, 1, 'sixteen', 'Y', '2018-12-21 10:17:40'),
(2381, 6, 1, '', 'N', '2018-12-21 10:17:41'),
(2382, 8, 6, '6q', 'N', '2018-12-21 10:17:43'),
(2383, 6, 1, 'sixteen', 'Y', '2018-12-21 10:17:47'),
(2384, 6, 1, 'ten', 'N', '2018-12-21 10:18:02'),
(2385, 6, 1, 'ten', 'N', '2018-12-21 10:18:04'),
(2386, 7, 3, 'mirror', 'Y', '2018-12-21 10:18:06'),
(2387, 7, 3, 'mirror', 'Y', '2018-12-21 10:18:08'),
(2388, 8, 6, 'HacK1234', 'Y', '2018-12-21 10:18:09'),
(2389, 7, 3, 'mirror', 'Y', '2018-12-21 10:18:16'),
(2390, 5, 2, '26', 'Y', '2018-12-21 10:18:27'),
(2391, 6, 4, 'microdot', 'Y', '2018-12-21 10:18:34'),
(2392, 11, 6, 'container', 'N', '2018-12-21 10:18:34'),
(2393, 5, 10, 'plain text', 'N', '2018-12-21 10:18:44'),
(2394, 7, 4, 'microdot', 'Y', '2018-12-21 10:18:45'),
(2395, 7, 4, 'micordot', 'N', '2018-12-21 10:18:49'),
(2396, 7, 4, 'microdot', 'Y', '2018-12-21 10:18:54'),
(2397, 11, 6, 'HacK1234', 'Y', '2018-12-21 10:18:57'),
(2398, 6, 1, 'ten', 'N', '2018-12-21 10:18:57'),
(2399, 5, 1, 'four', 'N', '2018-12-21 10:18:58'),
(2400, 5, 1, 'ten', 'N', '2018-12-21 10:18:59'),
(2401, 7, 4, 'microdot', 'Y', '2018-12-21 10:18:59'),
(2402, 5, 1, 'ten', 'N', '2018-12-21 10:19:02'),
(2403, 11, 6, 'HacK1234', 'Y', '2018-12-21 10:19:04'),
(2404, 5, 1, '10', 'N', '2018-12-21 10:19:07'),
(2405, 8, 6, 'HacK1234', 'Y', '2018-12-21 10:19:11'),
(2406, 5, 1, 'plus ten', 'N', '2018-12-21 10:19:20'),
(2407, 9, 10, 'plain text', 'N', '2018-12-21 10:19:23'),
(2408, 5, 10, 'q', 'N', '2018-12-21 10:19:33'),
(2409, 5, 10, 'hidden', 'N', '2018-12-21 10:19:41'),
(2410, 5, 1, 'ten', 'N', '2018-12-21 10:19:50'),
(2411, 6, 1, '"Ten"', 'N', '2018-12-21 10:19:55'),
(2412, 5, 1, 'plus ten', 'N', '2018-12-21 10:19:57'),
(2413, 10, 5, 'The Black Chamber', 'N', '2018-12-21 10:20:00'),
(2414, 6, 1, 'four', 'N', '2018-12-21 10:20:04'),
(2415, 5, 1, 'Ten', 'N', '2018-12-21 10:20:14'),
(2416, 5, 1, '10', 'N', '2018-12-21 10:20:16'),
(2417, 9, 10, 'plaintext', 'Y', '2018-12-21 10:20:32'),
(2418, 6, 3, 'mirror', 'Y', '2018-12-21 10:20:44'),
(2419, 8, 5, 'bacon', 'Y', '2018-12-21 10:20:54'),
(2420, 6, 1, 'one', 'N', '2018-12-21 10:20:55'),
(2421, 9, 11, 'encrypt', 'Y', '2018-12-21 10:21:07'),
(2422, 5, 1, 'sixteen', 'Y', '2018-12-21 10:21:11'),
(2423, 6, 1, '10', 'N', '2018-12-21 10:21:20'),
(2424, 6, 6, 'container', 'N', '2018-12-21 10:21:22'),
(2425, 6, 1, 'TEN', 'N', '2018-12-21 10:21:25'),
(2426, 5, 10, 'PLAINTEXT', 'N', '2018-12-21 10:21:29'),
(2427, 9, 12, 'security', 'Y', '2018-12-21 10:21:30'),
(2428, 9, 13, 'key', 'Y', '2018-12-21 10:22:12'),
(2429, 10, 5, 'bacon', 'Y', '2018-12-21 10:22:24'),
(2430, 10, 5, '', 'N', '2018-12-21 10:22:25'),
(2431, 6, 6, 'HacK1234', 'Y', '2018-12-21 10:23:01'),
(2432, 8, 8, 'dCode Transposition', 'N', '2018-12-21 10:23:09'),
(2433, 7, 5, 'bacon', 'Y', '2018-12-21 10:23:32'),
(2434, 11, 1, 'clro', 'N', '2018-12-21 10:23:32'),
(2435, 7, 5, 'bacon', 'Y', '2018-12-21 10:23:41'),
(2436, 5, 17, 'bombe', 'N', '2018-12-21 10:23:41'),
(2437, 7, 5, 'bacon', 'Y', '2018-12-21 10:23:49'),
(2438, 5, 10, 'plaintext', 'Y', '2018-12-21 10:23:50'),
(2439, 9, 8, 'sausage', 'Y', '2018-12-21 10:23:56'),
(2440, 6, 5, 'bacon', 'Y', '2018-12-21 10:24:14'),
(2441, 9, 14, 'enigma', 'Y', '2018-12-21 10:24:15'),
(2442, 10, 1, 'four', 'N', '2018-12-21 10:24:25'),
(2443, 8, 8, 'dCode transposition', 'N', '2018-12-21 10:24:26'),
(2444, 5, 17, 'bomba', 'N', '2018-12-21 10:24:31'),
(2445, 10, 1, 'bye', 'N', '2018-12-21 10:24:34'),
(2446, 10, 1, 'Four', 'N', '2018-12-21 10:24:35'),
(2447, 7, 6, 'HacK1234', 'Y', '2018-12-21 10:24:35'),
(2448, 11, 1, 'four', 'N', '2018-12-21 10:24:36'),
(2449, 5, 17, 'Bomba', 'N', '2018-12-21 10:24:37'),
(2450, 7, 6, 'Hack1234', 'N', '2018-12-21 10:24:38'),
(2451, 10, 1, 'four', 'N', '2018-12-21 10:24:40'),
(2452, 7, 6, 'HacK1234#', 'N', '2018-12-21 10:24:40'),
(2453, 11, 1, 'four', 'N', '2018-12-21 10:24:42'),
(2454, 5, 17, 'Bombe', 'N', '2018-12-21 10:24:42'),
(2455, 9, 16, 'queen', 'N', '2018-12-21 10:24:42'),
(2456, 7, 6, 'Hack1234', 'N', '2018-12-21 10:24:47'),
(2457, 5, 13, 'key', 'Y', '2018-12-21 10:24:49'),
(2458, 10, 1, 'yep', 'N', '2018-12-21 10:24:51'),
(2459, 7, 6, 'HacK1234', 'Y', '2018-12-21 10:24:53'),
(2460, 11, 10, 'HOSPITAL', 'N', '2018-12-21 10:25:01'),
(2461, 9, 16, 'Queen', 'Y', '2018-12-21 10:25:03'),
(2462, 11, 5, 'bacon', 'Y', '2018-12-21 10:25:06'),
(2463, 11, 10, 'hospital', 'N', '2018-12-21 10:25:13'),
(2464, 8, 8, 'ATSIOGSHLETSEITOEESAGNRPNSTEEERTGSVHDCSAUE', 'N', '2018-12-21 10:25:18'),
(2465, 8, 8, '', 'N', '2018-12-21 10:25:18'),
(2466, 11, 10, 'hospital', 'N', '2018-12-21 10:25:35'),
(2467, 8, 8, 'OTHITERASTEVUCASIEOESNNESRDSAGSLTGEPETGSHE', 'N', '2018-12-21 10:25:36'),
(2468, 8, 8, '', 'N', '2018-12-21 10:25:37'),
(2469, 8, 8, '', 'N', '2018-12-21 10:25:37'),
(2470, 10, 1, 'sixteen', 'Y', '2018-12-21 10:25:41'),
(2471, 10, 1, '', 'N', '2018-12-21 10:25:42'),
(2472, 11, 10, 'sausages', 'N', '2018-12-21 10:25:47'),
(2473, 8, 7, 'XIROSNVI', 'N', '2018-12-21 10:25:48'),
(2474, 8, 7, 'prisoner', 'Y', '2018-12-21 10:25:50'),
(2475, 8, 7, 'prisoner', 'Y', '2018-12-21 10:25:53'),
(2476, 5, 17, 'Bombe', 'N', '2018-12-21 10:25:53'),
(2477, 9, 7, 'PRISONER', 'N', '2018-12-21 10:25:53'),
(2478, 9, 7, '', 'N', '2018-12-21 10:25:55'),
(2479, 11, 10, 'sausage', 'N', '2018-12-21 10:25:55'),
(2480, 11, 1, 'one', 'N', '2018-12-21 10:25:57'),
(2481, 11, 10, 'pork', 'N', '2018-12-21 10:26:01'),
(2482, 9, 7, 'prisoner', 'Y', '2018-12-21 10:26:02'),
(2483, 7, 9, 'sneakyONE', 'Y', '2018-12-21 10:26:04'),
(2484, 11, 10, 'beef', 'N', '2018-12-21 10:26:06'),
(2485, 11, 10, 'monkey', 'N', '2018-12-21 10:26:10'),
(2486, 11, 1, 'sixteen', 'Y', '2018-12-21 10:26:21'),
(2487, 9, 17, 'Enigma code', 'N', '2018-12-21 10:26:22'),
(2488, 9, 17, 'enigma', 'N', '2018-12-21 10:26:26'),
(2489, 11, 1, 'sixteen', 'Y', '2018-12-21 10:26:30'),
(2490, 5, 17, 'collosus', 'N', '2018-12-21 10:26:50'),
(2491, 11, 10, 'code', 'N', '2018-12-21 10:27:01'),
(2492, 5, 17, 'steganography', 'N', '2018-12-21 10:27:01'),
(2493, 10, 1, 'corps', 'N', '2018-12-21 10:27:01'),
(2494, 10, 1, 'scorn', 'N', '2018-12-21 10:27:08'),
(2495, 10, 2, '26', 'Y', '2018-12-21 10:27:15'),
(2496, 9, 17, 'wheel-breaking', 'N', '2018-12-21 10:27:16'),
(2497, 7, 10, 'text', 'N', '2018-12-21 10:27:22'),
(2498, 8, 8, 'ATSIOGSHLETSEITOEESAGNRPNSTEEERTGSVHDCSAUE', 'N', '2018-12-21 10:27:33'),
(2499, 6, 8, 'sausage', 'Y', '2018-12-21 10:27:37'),
(2500, 9, 17, 'methodical', 'N', '2018-12-21 10:27:50'),
(2501, 5, 17, 'cryptologic bomb', 'N', '2018-12-21 10:27:51'),
(2502, 9, 17, 'Turingery', 'N', '2018-12-21 10:27:57'),
(2503, 8, 17, 'enigma code', 'N', '2018-12-21 10:28:01'),
(2504, 9, 17, 'turingery', 'N', '2018-12-21 10:28:05'),
(2505, 5, 14, 'enigma', 'Y', '2018-12-21 10:28:06'),
(2506, 5, 5, 'bacon', 'Y', '2018-12-21 10:28:21'),
(2507, 11, 10, 'htid', 'N', '2018-12-21 10:28:30'),
(2508, 11, 10, 'htid', 'N', '2018-12-21 10:28:30'),
(2509, 10, 7, 'prisoners', 'N', '2018-12-21 10:28:33'),
(2510, 9, 17, 'Banburismus', 'Y', '2018-12-21 10:28:33'),
(2511, 10, 1, 'scorn', 'N', '2018-12-21 10:28:37'),
(2512, 5, 17, 'Banburismus', 'Y', '2018-12-21 10:28:39'),
(2513, 8, 17, 'the bombe', 'N', '2018-12-21 10:28:40'),
(2514, 10, 7, 'prisonxers', 'N', '2018-12-21 10:28:42'),
(2515, 7, 7, 'prisoner', 'Y', '2018-12-21 10:28:42'),
(2516, 10, 1, 'scorn', 'N', '2018-12-21 10:28:47'),
(2517, 8, 9, 'no', 'N', '2018-12-21 10:28:47'),
(2518, 11, 10, 'password', 'N', '2018-12-21 10:28:51'),
(2519, 10, 11, 'encrypt', 'Y', '2018-12-21 10:28:55'),
(2520, 8, 17, 'enigma', 'N', '2018-12-21 10:29:07'),
(2521, 8, 9, 'sneakyONE', 'Y', '2018-12-21 10:29:19'),
(2522, 10, 12, 'security', 'Y', '2018-12-21 10:29:27'),
(2523, 11, 10, 'plaintexu', 'N', '2018-12-21 10:29:36'),
(2524, 11, 10, 'plain', 'N', '2018-12-21 10:29:41'),
(2525, 10, 7, 'PRISONXERS', 'N', '2018-12-21 10:29:48'),
(2526, 11, 10, 'plain text', 'N', '2018-12-21 10:29:52'),
(2527, 11, 10, '', 'N', '2018-12-21 10:29:54'),
(2528, 10, 7, 'PRISONXER', 'N', '2018-12-21 10:30:00'),
(2529, 8, 17, 'decoding', 'N', '2018-12-21 10:30:07'),
(2530, 8, 11, '25', 'N', '2018-12-21 10:30:20'),
(2531, 10, 7, '5324423443335124', 'N', '2018-12-21 10:30:26'),
(2532, 6, 7, 'pigeon', 'N', '2018-12-21 10:30:29'),
(2533, 11, 10, 'plaintext', 'Y', '2018-12-21 10:30:33'),
(2534, 11, 10, 'plaintext', 'Y', '2018-12-21 10:30:41'),
(2535, 11, 10, 'plain', 'N', '2018-12-21 10:30:43'),
(2536, 10, 13, 'key', 'Y', '2018-12-21 10:30:50'),
(2537, 11, 10, 'plain', 'N', '2018-12-21 10:30:51'),
(2538, 10, 1, 'shifted', 'N', '2018-12-21 10:31:00'),
(2539, 11, 10, 'plaintext', 'Y', '2018-12-21 10:31:01'),
(2540, 10, 1, 'four', 'N', '2018-12-21 10:31:12'),
(2541, 10, 7, 'PRISONXERS', 'N', '2018-12-21 10:31:17'),
(2542, 7, 11, 'encrypt', 'Y', '2018-12-21 10:31:28'),
(2543, 11, 10, 'plaintext', 'Y', '2018-12-21 10:31:30'),
(2544, 6, 1, 'TEN', 'N', '2018-12-21 10:31:39'),
(2545, 6, 1, 'ten', 'N', '2018-12-21 10:31:43'),
(2546, 6, 1, 'eleven', 'N', '2018-12-21 10:31:51'),
(2547, 7, 10, 'plaintext', 'Y', '2018-12-21 10:31:53'),
(2548, 6, 1, 'twelve', 'N', '2018-12-21 10:31:55'),
(2549, 6, 1, 'thirteen', 'N', '2018-12-21 10:31:59'),
(2550, 7, 12, 'Security', 'N', '2018-12-21 10:32:04'),
(2551, 6, 1, 'fourteen', 'N', '2018-12-21 10:32:07'),
(2552, 6, 1, 'fifteen', 'N', '2018-12-21 10:32:11'),
(2553, 7, 12, 'security', 'Y', '2018-12-21 10:32:14'),
(2554, 7, 13, 'key', 'Y', '2018-12-21 10:32:31'),
(2555, 11, 11, 'rape', 'N', '2018-12-21 10:32:34'),
(2556, 8, 17, 'thebombe', 'N', '2018-12-21 10:32:42'),
(2557, 6, 7, 'pigeon', 'N', '2018-12-21 10:32:50'),
(2558, 7, 14, 'dude', 'N', '2018-12-21 10:32:56'),
(2559, 8, 16, 'HUNT', 'N', '2018-12-21 10:32:56'),
(2560, 8, 16, 'hunt#', 'N', '2018-12-21 10:32:59'),
(2561, 7, 14, 'arab', 'N', '2018-12-21 10:33:00'),
(2562, 8, 17, 'Bombe', 'N', '2018-12-21 10:33:05'),
(2563, 6, 10, 'plaintext', 'Y', '2018-12-21 10:33:12'),
(2564, 8, 10, 'plain text', 'N', '2018-12-21 10:33:14'),
(2565, 8, 16, 'Hunt', 'N', '2018-12-21 10:33:20'),
(2566, 8, 10, 'plaintext', 'Y', '2018-12-21 10:33:28'),
(2567, 6, 1, 'sixteen', 'Y', '2018-12-21 10:33:33'),
(2568, 6, 9, 'sneakyONE', 'Y', '2018-12-21 10:33:54'),
(2569, 6, 1, '', 'N', '2018-12-21 10:33:54'),
(2570, 8, 11, 'encrypt', 'Y', '2018-12-21 10:33:59'),
(2571, 6, 1, '', 'N', '2018-12-21 10:34:00'),
(2572, 6, 1, 'sixteen', 'Y', '2018-12-21 10:34:07'),
(2573, 6, 1, 'sixteen', 'Y', '2018-12-21 10:34:16'),
(2574, 10, 1, 'sixteen', 'Y', '2018-12-21 10:34:35'),
(2575, 8, 12, 'security', 'Y', '2018-12-21 10:34:35'),
(2576, 5, 15, 'TOANTHONYBABBINGTONIAGREETHATYOUCANMURQUEENELIZACBZTHATTHEEARLIESTTIMEFROMMARY', 'N', '2018-12-21 10:34:40'),
(2577, 6, 12, 'security', 'Y', '2018-12-21 10:34:42'),
(2578, 11, 11, 'encrypt', 'Y', '2018-12-21 10:34:43'),
(2579, 6, 16, 'david bowie', 'N', '2018-12-21 10:35:03'),
(2580, 8, 17, 'Enigma machine', 'N', '2018-12-21 10:35:13'),
(2581, 10, 2, 'twenty one', 'N', '2018-12-21 10:35:14'),
(2582, 5, 15, 'TO ANTHONY BABBINGTON I AGREE THAT YOU CAN MUR QUEEN ELIZACBZTH AT THE EARLIEST TIME FROM MARY', 'N', '2018-12-21 10:35:32'),
(2583, 7, 14, 'adam albums', 'N', '2018-12-21 10:35:34'),
(2584, 11, 7, 'prisoner', 'Y', '2018-12-21 10:35:44'),
(2585, 5, 15, 'TO ANTHONY BABBINGTON I AGREE THAT YOU CAN MUR QUEEN ELIZABETH AT THE EARLIEST TIME FROM MARY', 'N', '2018-12-21 10:35:59'),
(2586, 8, 13, 'key', 'Y', '2018-12-21 10:36:03'),
(2587, 5, 15, 'TO ANTHONY BABBINGTON I AGREE THAT YOU CAN MURDER QUEEN ELIZABETH AT THE EARLIEST TIME FROM MARY', 'N', '2018-12-21 10:36:06'),
(2588, 8, 17, 'Bayesian system', 'N', '2018-12-21 10:36:31'),
(2589, 9, 15, 'To Anthony Babbington, I agree that you can murder queen Elizabeth at the earliest time. From Mary.', 'N', '2018-12-21 10:36:41'),
(2590, 5, 15, 'TO ANTHONY BABBINGTON, I AGREE THAT YOU CAN MUR QUEEN ELIZABETH AT THE EARLIEST TIME. FROM MARY.', 'N', '2018-12-21 10:36:43'),
(2591, 11, 2, '26', 'Y', '2018-12-21 10:36:47'),
(2592, 8, 17, 'Bayesian', 'N', '2018-12-21 10:36:48'),
(2593, 9, 15, 'To Anthony Babbington, I agree that you can murder Queen Elizabeth at the earliest time. from mary.', 'N', '2018-12-21 10:36:51'),
(2594, 11, 2, '26', 'Y', '2018-12-21 10:36:54'),
(2595, 6, 7, 'prisoner', 'Y', '2018-12-21 10:36:54'),
(2596, 8, 17, 'Banburismus', 'Y', '2018-12-21 10:37:02'),
(2597, 9, 15, 'To Anthony Babbington, I agree that you can murder Queen Elizabeth at the earliest time. From Mary.', 'Y', '2018-12-21 10:37:04'),
(2598, 5, 15, 'TO ANTHONY BABBINGTON, I AGREE THAT YOU CAN MURDER QUEEN ELIZABETH AT THE EARLIEST TIME. FROM MARY.', 'N', '2018-12-21 10:37:05'),
(2599, 10, 17, 'Banburismus ', 'N', '2018-12-21 10:37:15'),
(2600, 6, 16, 'queen', 'N', '2018-12-21 10:37:24'),
(2601, 6, 16, 'queen', 'N', '2018-12-21 10:37:42'),
(2602, 6, 16, 'Queen', 'Y', '2018-12-21 10:37:47'),
(2603, 6, 5, 'bacon', 'Y', '2018-12-21 10:37:47'),
(2604, 5, 15, 'TO ANTHONY BABBINGTON, I AGREE THAT YOU CAN MURDER QUEEN ELIZABETH AT THE EARLIEST TIME. FROM MARY.', 'N', '2018-12-21 10:37:49'),
(2605, 11, 12, 'security', 'Y', '2018-12-21 10:37:53'),
(2606, 6, 11, 'encrypt', 'Y', '2018-12-21 10:38:14'),
(2607, 6, 14, 'enigma', 'Y', '2018-12-21 10:38:16'),
(2608, 7, 14, 'adam albums', 'N', '2018-12-21 10:38:18'),
(2609, 5, 15, 'To Anthony Babbington, I agree that you can murder Queen Elizabeth at the earliest time. From Mary.', 'Y', '2018-12-21 10:39:41'),
(2610, 6, 17, 'bombe', 'N', '2018-12-21 10:39:44'),
(2611, 6, 17, 'the bombe', 'N', '2018-12-21 10:40:24'),
(2612, 6, 13, 'undefined', 'N', '2018-12-21 10:40:36'),
(2613, 6, 17, 'Banburismus', 'Y', '2018-12-21 10:40:47'),
(2614, 6, 15, 'to anthony babbington i agree that you can murder queen elizabeth at the earliest time. from mary.', 'N', '2018-12-21 10:48:47'),
(2615, 6, 15, 'to anthony babbington i agree that you can murder queen elizabeth at the earliest time. from Mary.', 'N', '2018-12-21 10:49:00'),
(2616, 6, 15, 'To Anthony Babbington i agree that you can murder queen Elizabeth at the earliest time. From Mary.', 'N', '2018-12-21 10:49:59'),
(2617, 6, 15, 'To Anthony Babbington i agree that you can murder Queen Elizabeth at the earliest time. From Mary.', 'N', '2018-12-21 10:51:41'),
(2618, 6, 15, 'To Anthony Babbington I agree that you can murder Queen Elizabeth at the earliest time. From Mary.', 'N', '2018-12-21 10:52:22'),
(2619, 6, 15, 'To Anthony Babbington I agree that you can murder queen Elizabeth at the earliest time. From Mary.', 'N', '2018-12-21 10:52:41'),
(2620, 6, 15, 'To Anthony Babbington I agree that you can murder queen Elizabeth at the earliest time.From Mary.', 'N', '2018-12-21 10:52:57'),
(2621, 6, 15, 'To Anthony Babbington i agree that you can murder queen Elizabeth at the earliest time. From Mary.', 'N', '2018-12-21 10:53:24'),
(2622, 6, 15, 'To Anthony Babbington i agree that you can murder Queen Elizabeth at the earliest time. From Mary.', 'N', '2018-12-21 10:54:44'),
(2623, 6, 15, 'To Anthony Babbington I agree that you can murder Queen Elizabeth at the earliest time. From Mary.', 'N', '2018-12-21 10:54:54'),
(2624, 6, 15, 'To Anthony Babbington I agree that you can murder Queen Elizabeth at the earliest time, from Mary.', 'N', '2018-12-21 10:55:16'),
(2625, 6, 15, 'To Anthony Babbington, I agree that you can murder Queen Elizabeth at the earliest time. From Mary.', 'Y', '2018-12-21 10:56:40'),
(2626, 6, 13, 'word is key', 'N', '2018-12-21 10:59:53'),
(2627, 6, 13, 'kiey', 'N', '2018-12-21 10:59:56'),
(2628, 6, 13, 'key', 'Y', '2018-12-21 10:59:59'),
(2629, 6, 13, 'key', 'Y', '2018-12-21 11:00:06'),
(2630, 1, 1, 'sixteen', 'Y', '2019-01-06 12:35:10');

-- --------------------------------------------------------

--
-- Table structure for table `users2`
--

CREATE TABLE IF NOT EXISTS `users2` (
  `user_id` int(11) NOT NULL AUTO_INCREMENT,
  `username` varchar(100) NOT NULL,
  `password` varchar(100) NOT NULL,
  `FName` varchar(200) NOT NULL,
  `LName` varchar(200) NOT NULL,
  `Year` int(11) NOT NULL,
  `isStaff` tinyint(1) NOT NULL,
  `contact_info` text NOT NULL,
  `house_id` int(11) NOT NULL,
  PRIMARY KEY (`user_id`),
  KEY `house_id` (`house_id`)
) ENGINE=InnoDB  DEFAULT CHARSET=utf8 AUTO_INCREMENT=27 ;

--
-- Dumping data for table `users2`
--

INSERT INTO `users2` (`user_id`, `username`, `password`, `FName`, `LName`, `Year`, `isStaff`, `contact_info`, `house_id`) VALUES
(1, 'test', 'password', 'Mr', 'Test', 0, 0, '', 0),
(2, 'ddd', 'ddd', '', '', 0, 0, '', 0),
(3, 'elvis', 'password', '', '', 0, 0, '', 0),
(4, 'madonna', 'test', '', '', 0, 0, '', 0),
(5, 'TEAM A', 'turing', '', '', 0, 0, '', 0),
(6, 'TEAM B', 'babbington', '', '', 0, 0, '', 0),
(7, 'TEAM C', 'caesar', '', '', 0, 0, '', 0),
(8, 'TEAM D', 'pigpen', '', '', 0, 0, '', 0),
(9, 'TEAM E', 'frequency', '', '', 0, 0, '', 0),
(10, 'TEAM F', 'analysis', '', '', 0, 0, '', 0),
(11, 'TEAM G', 'decrypt', '', '', 0, 0, '', 0),
(12, 'TEAM H', 'encrypt', '', '', 0, 0, '', 0),
(13, 'TEAM I', 'cipher', '', '', 0, 0, '', 0),
(14, 'TEAM J', 'bletchley', '', '', 0, 0, '', 0),
(15, 'TEAM K', 'crypto', '', '', 0, 0, '', 0),
(16, 'TEAM L', 'publicprivate', '', '', 0, 0, '', 0),
(17, 'DJTEAM A', 'turing', '', '', 0, 0, '', 0),
(18, 'DJTEAM B', 'babbington', '', '', 0, 0, '', 0),
(19, 'DJTEAM C', 'caesar', '', '', 0, 0, '', 0),
(20, 'DJTEAM D', 'pigpen', '', '', 0, 0, '', 0),
(21, 'DJTEAM E', 'frequency', '', '', 0, 0, '', 0),
(22, 'DJTEAM F', 'analysis', '', '', 0, 0, '', 0),
(23, 'DJTEAM G', 'decrypt', '', '', 0, 0, '', 0),
(24, 'DJTEAM H', 'encrypt', '', '', 0, 0, '', 0),
(25, 'DJTEAM I', 'cipher', '', '', 0, 0, '', 0),
(26, 'DJTEAM J', 'bletchley', '', '', 0, 0, '', 0);

/*!40101 SET CHARACTER_SET_CLIENT=@OLD_CHARACTER_SET_CLIENT */;
/*!40101 SET CHARACTER_SET_RESULTS=@OLD_CHARACTER_SET_RESULTS */;
/*!40101 SET COLLATION_CONNECTION=@OLD_COLLATION_CONNECTION */;
